film_id,title,release_year
1,ACADEMY DINOSAUR,2006
2,ACE GOLDFINGER,2006
3,ADAPTATION HOLES,2006
4,AFFAIR PREJUDICE,2006
5,AFRICAN EGG,2006
6,AGENT TRUMAN,2006
7,AIRPLANE SIERRA,2006
8,AIRPORT POLLOCK,2006
9,ALABAMA DEVIL,2006
10,ALADDIN CALENDAR,2006
11,ALAMO VIDEOTAPE,2006
12,ALASKA PHANTOM,2006
13,ALI FOREVER,2006
14,ALICE FANTASIA,2006
15,ALIEN CENTER,2006
16,ALLEY EVOLUTION,2006
17,ALONE TRIP,2006
18,ALTER VICTORY,2006
19,AMADEUS HOLY,2006
20,AMELIE HELLFIGHTERS,2006
21,AMERICAN CIRCUS,2006
22,AMISTAD MIDSUMMER,2006
23,ANACONDA CONFESSIONS,2006
24,ANALYZE HOOSIERS,2006
25,ANGELS LIFE,2006
26,ANNIE IDENTITY,2006
27,ANONYMOUS HUMAN,2006
28,ANTHEM LUKE,2006
29,ANTITRUST TOMATOES,2006
30,ANYTHING SAVANNAH,2006
31,APACHE DIVINE,2006
32,APOCALYPSE FLAMINGOS,2006
33,APOLLO TEEN,2006
34,ARABIA DOGMA,2006
35,ARACHNOPHOBIA ROLLERCOASTER,2006
36,ARGONAUTS TOWN,2006
37,ARIZONA BANG,2006
38,ARK RIDGEMONT,2006
39,ARMAGEDDON LOST,2006
40,ARMY FLINTSTONES,2006
41,ARSENIC INDEPENDENCE,2006
42,ARTIST COLDBLOODED,2006
43,ATLANTIS CAUSE,2006
44,ATTACKS HATE,2006
45,ATTRACTION NEWTON,2006
46,AUTUMN CROW,2006
47,BABY HALL,2006
48,BACKLASH UNDEFEATED,2006
49,BADMAN DAWN,2006
50,BAKED CLEOPATRA,2006
51,BALLOON HOMEWARD,2006
52,BALLROOM MOCKINGBIRD,2006
53,BANG KWAI,2006
54,BANGER PINOCCHIO,2006
55,BARBARELLA STREETCAR,2006
56,BAREFOOT MANCHURIAN,2006
57,BASIC EASY,2006
58,BEACH HEARTBREAKERS,2006
59,BEAR GRACELAND,2006
60,BEAST HUNCHBACK,2006
61,BEAUTY GREASE,2006
62,BED HIGHBALL,2006
63,BEDAZZLED MARRIED,2006
64,BEETHOVEN EXORCIST,2006
65,BEHAVIOR RUNAWAY,2006
66,BENEATH RUSH,2006
67,BERETS AGENT,2006
68,BETRAYED REAR,2006
69,BEVERLY OUTLAW,2006
70,BIKINI BORROWERS,2006
71,BILKO ANONYMOUS,2006
72,BILL OTHERS,2006
73,BINGO TALENTED,2006
74,BIRCH ANTITRUST,2006
75,BIRD INDEPENDENCE,2006
76,BIRDCAGE CASPER,2006
77,BIRDS PERDITION,2006
78,BLACKOUT PRIVATE,2006
79,BLADE POLISH,2006
80,BLANKET BEVERLY,2006
81,BLINDNESS GUN,2006
82,BLOOD ARGONAUTS,2006
83,BLUES INSTINCT,2006
84,BOILED DARES,2006
85,BONNIE HOLOCAUST,2006
86,BOOGIE AMELIE,2006
87,BOONDOCK BALLROOM,2006
88,BORN SPINAL,2006
89,BORROWERS BEDAZZLED,2006
90,BOULEVARD MOB,2006
91,BOUND CHEAPER,2006
92,BOWFINGER GABLES,2006
93,BRANNIGAN SUNRISE,2006
94,BRAVEHEART HUMAN,2006
95,BREAKFAST GOLDFINGER,2006
96,BREAKING HOME,2006
97,BRIDE INTRIGUE,2006
98,BRIGHT ENCOUNTERS,2006
99,BRINGING HYSTERICAL,2006
100,BROOKLYN DESERT,2006
101,BROTHERHOOD BLANKET,2006
102,BUBBLE GROSSE,2006
103,BUCKET BROTHERHOOD,2006
104,BUGSY SONG,2006
105,BULL SHAWSHANK,2006
106,BULWORTH COMMANDMENTS,2006
107,BUNCH MINDS,2006
108,BUTCH PANTHER,2006
109,BUTTERFLY CHOCOLAT,2006
110,CABIN FLASH,2006
111,CADDYSHACK JEDI,2006
112,CALENDAR GUNFIGHT,2006
113,CALIFORNIA BIRDS,2006
114,CAMELOT VACATION,2006
115,CAMPUS REMEMBER,2006
116,CANDIDATE PERDITION,2006
117,CANDLES GRAPES,2006
118,CANYON STOCK,2006
119,CAPER MOTIONS,2006
120,CARIBBEAN LIBERTY,2006
121,CAROL TEXAS,2006
122,CARRIE BUNCH,2006
123,CASABLANCA SUPER,2006
124,CASPER DRAGONFLY,2006
125,CASSIDY WYOMING,2006
126,CASUALTIES ENCINO,2006
127,CAT CONEHEADS,2006
128,CATCH AMISTAD,2006
129,CAUSE DATE,2006
130,CELEBRITY HORN,2006
131,CENTER DINOSAUR,2006
132,CHAINSAW UPTOWN,2006
133,CHAMBER ITALIAN,2006
134,CHAMPION FLATLINERS,2006
135,CHANCE RESURRECTION,2006
136,CHAPLIN LICENSE,2006
137,CHARADE DUFFEL,2006
138,CHARIOTS CONSPIRACY,2006
139,CHASING FIGHT,2006
140,CHEAPER CLYDE,2006
141,CHICAGO NORTH,2006
142,CHICKEN HELLFIGHTERS,2006
143,CHILL LUCK,2006
144,CHINATOWN GLADIATOR,2006
145,CHISUM BEHAVIOR,2006
146,CHITTY LOCK,2006
147,CHOCOLAT HARRY,2006
148,CHOCOLATE DUCK,2006
149,CHRISTMAS MOONSHINE,2006
150,CIDER DESIRE,2006
151,CINCINATTI WHISPERER,2006
152,CIRCUS YOUTH,2006
153,CITIZEN SHREK,2006
154,CLASH FREDDY,2006
155,CLEOPATRA DEVIL,2006
156,CLERKS ANGELS,2006
157,CLOCKWORK PARADISE,2006
158,CLONES PINOCCHIO,2006
159,CLOSER BANG,2006
160,CLUB GRAFFITI,2006
161,CLUE GRAIL,2006
162,CLUELESS BUCKET,2006
163,CLYDE THEORY,2006
164,COAST RAINBOW,2006
165,COLDBLOODED DARLING,2006
166,COLOR PHILADELPHIA,2006
167,COMA HEAD,2006
168,COMANCHEROS ENEMY,2006
169,COMFORTS RUSH,2006
170,COMMAND DARLING,2006
171,COMMANDMENTS EXPRESS,2006
172,CONEHEADS SMOOCHY,2006
173,CONFESSIONS MAGUIRE,2006
174,CONFIDENTIAL INTERVIEW,2006
175,CONFUSED CANDLES,2006
176,CONGENIALITY QUEST,2006
177,CONNECTICUT TRAMP,2006
178,CONNECTION MICROCOSMOS,2006
179,CONQUERER NUTS,2006
180,CONSPIRACY SPIRIT,2006
181,CONTACT ANONYMOUS,2006
182,CONTROL ANTHEM,2006
183,CONVERSATION DOWNHILL,2006
184,CORE SUIT,2006
185,COWBOY DOOM,2006
186,CRAFT OUTFIELD,2006
187,CRANES RESERVOIR,2006
188,CRAZY HOME,2006
189,CREATURES SHAKESPEARE,2006
190,CREEPERS KANE,2006
191,CROOKED FROGMEN,2006
192,CROSSING DIVORCE,2006
193,CROSSROADS CASUALTIES,2006
194,CROW GREASE,2006
195,CROWDS TELEMARK,2006
196,CRUELTY UNFORGIVEN,2006
197,CRUSADE HONEY,2006
198,CRYSTAL BREAKING,2006
199,CUPBOARD SINNERS,2006
200,CURTAIN VIDEOTAPE,2006
201,CYCLONE FAMILY,2006
202,DADDY PITTSBURGH,2006
203,DAISY MENAGERIE,2006
204,DALMATIONS SWEDEN,2006
205,DANCES NONE,2006
206,DANCING FEVER,2006
207,DANGEROUS UPTOWN,2006
208,DARES PLUTO,2006
209,DARKNESS WAR,2006
210,DARKO DORADO,2006
211,DARLING BREAKING,2006
212,DARN FORRESTER,2006
213,DATE SPEED,2006
214,DAUGHTER MADIGAN,2006
215,DAWN POND,2006
216,DAY UNFAITHFUL,2006
217,DAZED PUNK,2006
218,DECEIVER BETRAYED,2006
219,DEEP CRUSADE,2006
220,DEER VIRGINIAN,2006
221,DELIVERANCE MULHOLLAND,2006
222,DESERT POSEIDON,2006
223,DESIRE ALIEN,2006
224,DESPERATE TRAINSPOTTING,2006
225,DESTINATION JERK,2006
226,DESTINY SATURDAY,2006
227,DETAILS PACKER,2006
228,DETECTIVE VISION,2006
229,DEVIL DESIRE,2006
230,DIARY PANIC,2006
231,DINOSAUR SECRETARY,2006
232,DIRTY ACE,2006
233,DISCIPLE MOTHER,2006
234,DISTURBING SCARFACE,2006
235,DIVIDE MONSTER,2006
236,DIVINE RESURRECTION,2006
237,DIVORCE SHINING,2006
238,DOCTOR GRAIL,2006
239,DOGMA FAMILY,2006
240,DOLLS RAGE,2006
241,DONNIE ALLEY,2006
242,DOOM DANCING,2006
243,DOORS PRESIDENT,2006
244,DORADO NOTTING,2006
245,DOUBLE WRATH,2006
246,DOUBTFIRE LABYRINTH,2006
247,DOWNHILL ENOUGH,2006
248,DOZEN LION,2006
249,DRACULA CRYSTAL,2006
250,DRAGON SQUAD,2006
251,DRAGONFLY STRANGERS,2006
252,DREAM PICKUP,2006
253,DRIFTER COMMANDMENTS,2006
254,DRIVER ANNIE,2006
255,DRIVING POLISH,2006
256,DROP WATERFRONT,2006
257,DRUMLINE CYCLONE,2006
258,DRUMS DYNAMITE,2006
259,DUCK RACER,2006
260,DUDE BLINDNESS,2006
261,DUFFEL APOCALYPSE,2006
262,DUMBO LUST,2006
263,DURHAM PANKY,2006
264,DWARFS ALTER,2006
265,DYING MAKER,2006
266,DYNAMITE TARZAN,2006
267,EAGLES PANKY,2006
268,EARLY HOME,2006
269,EARRING INSTINCT,2006
270,EARTH VISION,2006
271,EASY GLADIATOR,2006
272,EDGE KISSING,2006
273,EFFECT GLADIATOR,2006
274,EGG IGBY,2006
275,EGYPT TENENBAUMS,2006
276,ELEMENT FREDDY,2006
277,ELEPHANT TROJAN,2006
278,ELF MURDER,2006
279,ELIZABETH SHANE,2006
280,EMPIRE MALKOVICH,2006
281,ENCINO ELF,2006
282,ENCOUNTERS CURTAIN,2006
283,ENDING CROWDS,2006
284,ENEMY ODDS,2006
285,ENGLISH BULWORTH,2006
286,ENOUGH RAGING,2006
287,ENTRAPMENT SATISFACTION,2006
288,ESCAPE METROPOLIS,2006
289,EVE RESURRECTION,2006
290,EVERYONE CRAFT,2006
291,EVOLUTION ALTER,2006
292,EXCITEMENT EVE,2006
293,EXORCIST STING,2006
294,EXPECATIONS NATURAL,2006
295,EXPENDABLE STALLION,2006
296,EXPRESS LONELY,2006
297,EXTRAORDINARY CONQUERER,2006
298,EYES DRIVING,2006
299,FACTORY DRAGON,2006
300,FALCON VOLUME,2006
301,FAMILY SWEET,2006
302,FANTASIA PARK,2006
303,FANTASY TROOPERS,2006
304,FARGO GANDHI,2006
305,FATAL HAUNTED,2006
306,FEATHERS METAL,2006
307,FELLOWSHIP AUTUMN,2006
308,FERRIS MOTHER,2006
309,FEUD FROGMEN,2006
310,FEVER EMPIRE,2006
311,FICTION CHRISTMAS,2006
312,FIDDLER LOST,2006
313,FIDELITY DEVIL,2006
314,FIGHT JAWBREAKER,2006
315,FINDING ANACONDA,2006
316,FIRE WOLVES,2006
317,FIREBALL PHILADELPHIA,2006
318,FIREHOUSE VIETNAM,2006
319,FISH OPUS,2006
320,FLAMINGOS CONNECTICUT,2006
321,FLASH WARS,2006
322,FLATLINERS KILLER,2006
323,FLIGHT LIES,2006
324,FLINTSTONES HAPPINESS,2006
325,FLOATS GARDEN,2006
326,FLYING HOOK,2006
327,FOOL MOCKINGBIRD,2006
328,FOREVER CANDIDATE,2006
329,FORREST SONS,2006
330,FORRESTER COMANCHEROS,2006
331,FORWARD TEMPLE,2006
332,FRANKENSTEIN STRANGER,2006
333,FREAKY POCUS,2006
334,FREDDY STORM,2006
335,FREEDOM CLEOPATRA,2006
336,FRENCH HOLIDAY,2006
337,FRIDA SLIPPER,2006
338,FRISCO FORREST,2006
339,FROGMEN BREAKING,2006
340,FRONTIER CABIN,2006
341,FROST HEAD,2006
342,FUGITIVE MAGUIRE,2006
343,FULL FLATLINERS,2006
344,FURY MURDER,2006
345,GABLES METROPOLIS,2006
346,GALAXY SWEETHEARTS,2006
347,GAMES BOWFINGER,2006
348,GANDHI KWAI,2006
349,GANGS PRIDE,2006
350,GARDEN ISLAND,2006
351,GASLIGHT CRUSADE,2006
352,GATHERING CALENDAR,2006
353,GENTLEMEN STAGE,2006
354,GHOST GROUNDHOG,2006
355,GHOSTBUSTERS ELF,2006
356,GIANT TROOPERS,2006
357,GILBERT PELICAN,2006
358,GILMORE BOILED,2006
359,GLADIATOR WESTWARD,2006
360,GLASS DYING,2006
361,GLEAMING JAWBREAKER,2006
362,GLORY TRACY,2006
363,GO PURPLE,2006
364,GODFATHER DIARY,2006
365,GOLD RIVER,2006
366,GOLDFINGER SENSIBILITY,2006
367,GOLDMINE TYCOON,2006
368,GONE TROUBLE,2006
369,GOODFELLAS SALUTE,2006
370,GORGEOUS BINGO,2006
371,GOSFORD DONNIE,2006
372,GRACELAND DYNAMITE,2006
373,GRADUATE LORD,2006
374,GRAFFITI LOVE,2006
375,GRAIL FRANKENSTEIN,2006
376,GRAPES FURY,2006
377,GREASE YOUTH,2006
378,GREATEST NORTH,2006
379,GREEDY ROOTS,2006
380,GREEK EVERYONE,2006
381,GRINCH MASSAGE,2006
382,GRIT CLOCKWORK,2006
383,GROOVE FICTION,2006
384,GROSSE WONDERFUL,2006
385,GROUNDHOG UNCUT,2006
386,GUMP DATE,2006
387,GUN BONNIE,2006
388,GUNFIGHT MOON,2006
389,GUNFIGHTER MUSSOLINI,2006
390,GUYS FALCON,2006
391,HALF OUTFIELD,2006
392,HALL CASSIDY,2006
393,HALLOWEEN NUTS,2006
394,HAMLET WISDOM,2006
395,HANDICAP BOONDOCK,2006
396,HANGING DEEP,2006
397,HANKY OCTOBER,2006
398,HANOVER GALAXY,2006
399,HAPPINESS UNITED,2006
400,HARDLY ROBBERS,2006
401,HAROLD FRENCH,2006
402,HARPER DYING,2006
403,HARRY IDAHO,2006
404,HATE HANDICAP,2006
405,HAUNTED ANTITRUST,2006
406,HAUNTING PIANIST,2006
407,HAWK CHILL,2006
408,HEAD STRANGER,2006
409,HEARTBREAKERS BRIGHT,2006
410,HEAVEN FREEDOM,2006
411,HEAVENLY GUN,2006
412,HEAVYWEIGHTS BEAST,2006
413,HEDWIG ALTER,2006
414,HELLFIGHTERS SIERRA,2006
415,HIGH ENCINO,2006
416,HIGHBALL POTTER,2006
417,HILLS NEIGHBORS,2006
418,HOBBIT ALIEN,2006
419,HOCUS FRIDA,2006
420,HOLES BRANNIGAN,2006
421,HOLIDAY GAMES,2006
422,HOLLOW JEOPARDY,2006
423,HOLLYWOOD ANONYMOUS,2006
424,HOLOCAUST HIGHBALL,2006
425,HOLY TADPOLE,2006
426,HOME PITY,2006
427,HOMEWARD CIDER,2006
428,HOMICIDE PEACH,2006
429,HONEY TIES,2006
430,HOOK CHARIOTS,2006
431,HOOSIERS BIRDCAGE,2006
432,HOPE TOOTSIE,2006
433,HORN WORKING,2006
434,HORROR REIGN,2006
435,HOTEL HAPPINESS,2006
436,HOURS RAGE,2006
437,HOUSE DYNAMITE,2006
438,HUMAN GRAFFITI,2006
439,HUNCHBACK IMPOSSIBLE,2006
440,HUNGER ROOF,2006
441,HUNTER ALTER,2006
442,HUNTING MUSKETEERS,2006
443,HURRICANE AFFAIR,2006
444,HUSTLER PARTY,2006
445,HYDE DOCTOR,2006
446,HYSTERICAL GRAIL,2006
447,ICE CROSSING,2006
448,IDAHO LOVE,2006
449,IDENTITY LOVER,2006
450,IDOLS SNATCHERS,2006
451,IGBY MAKER,2006
452,ILLUSION AMELIE,2006
453,IMAGE PRINCESS,2006
454,IMPACT ALADDIN,2006
455,IMPOSSIBLE PREJUDICE,2006
456,INCH JET,2006
457,INDEPENDENCE HOTEL,2006
458,INDIAN LOVE,2006
459,INFORMER DOUBLE,2006
460,INNOCENT USUAL,2006
461,INSECTS STONE,2006
462,INSIDER ARIZONA,2006
463,INSTINCT AIRPORT,2006
464,INTENTIONS EMPIRE,2006
465,INTERVIEW LIAISONS,2006
466,INTOLERABLE INTENTIONS,2006
467,INTRIGUE WORST,2006
468,INVASION CYCLONE,2006
469,IRON MOON,2006
470,ISHTAR ROCKETEER,2006
471,ISLAND EXORCIST,2006
472,ITALIAN AFRICAN,2006
473,JACKET FRISCO,2006
474,JADE BUNCH,2006
475,JAPANESE RUN,2006
476,JASON TRAP,2006
477,JAWBREAKER BROOKLYN,2006
478,JAWS HARRY,2006
479,JEDI BENEATH,2006
480,JEEPERS WEDDING,2006
481,JEKYLL FROGMEN,2006
482,JEOPARDY ENCINO,2006
483,JERICHO MULAN,2006
484,JERK PAYCHECK,2006
485,JERSEY SASSY,2006
486,JET NEIGHBORS,2006
487,JINGLE SAGEBRUSH,2006
488,JOON NORTHWEST,2006
489,JUGGLER HARDLY,2006
490,JUMANJI BLADE,2006
491,JUMPING WRATH,2006
492,JUNGLE CLOSER,2006
493,KANE EXORCIST,2006
494,KARATE MOON,2006
495,KENTUCKIAN GIANT,2006
496,KICK SAVANNAH,2006
497,KILL BROTHERHOOD,2006
498,KILLER INNOCENT,2006
499,KING EVOLUTION,2006
500,KISS GLORY,2006
501,KISSING DOLLS,2006
502,KNOCK WARLOCK,2006
503,KRAMER CHOCOLATE,2006
504,KWAI HOMEWARD,2006
505,LABYRINTH LEAGUE,2006
506,LADY STAGE,2006
507,LADYBUGS ARMAGEDDON,2006
508,LAMBS CINCINATTI,2006
509,LANGUAGE COWBOY,2006
510,LAWLESS VISION,2006
511,LAWRENCE LOVE,2006
512,LEAGUE HELLFIGHTERS,2006
513,LEATHERNECKS DWARFS,2006
514,LEBOWSKI SOLDIERS,2006
515,LEGALLY SECRETARY,2006
516,LEGEND JEDI,2006
517,LESSON CLEOPATRA,2006
518,LIAISONS SWEET,2006
519,LIBERTY MAGNIFICENT,2006
520,LICENSE WEEKEND,2006
521,LIES TREATMENT,2006
522,LIFE TWISTED,2006
523,LIGHTS DEER,2006
524,LION UNCUT,2006
525,LOATHING LEGALLY,2006
526,LOCK REAR,2006
527,LOLA AGENT,2006
528,LOLITA WORLD,2006
529,LONELY ELEPHANT,2006
530,LORD ARIZONA,2006
531,LOSE INCH,2006
532,LOSER HUSTLER,2006
533,LOST BIRD,2006
534,LOUISIANA HARRY,2006
535,LOVE SUICIDES,2006
536,LOVELY JINGLE,2006
537,LOVER TRUMAN,2006
538,LOVERBOY ATTACKS,2006
539,LUCK OPUS,2006
540,LUCKY FLYING,2006
541,LUKE MUMMY,2006
542,LUST LOCK,2006
543,MADIGAN DORADO,2006
544,MADISON TRAP,2006
545,MADNESS ATTACKS,2006
546,MADRE GABLES,2006
547,MAGIC MALLRATS,2006
548,MAGNIFICENT CHITTY,2006
549,MAGNOLIA FORRESTER,2006
550,MAGUIRE APACHE,2006
551,MAIDEN HOME,2006
552,MAJESTIC FLOATS,2006
553,MAKER GABLES,2006
554,MALKOVICH PET,2006
555,MALLRATS UNITED,2006
556,MALTESE HOPE,2006
557,MANCHURIAN CURTAIN,2006
558,MANNEQUIN WORST,2006
559,MARRIED GO,2006
560,MARS ROMAN,2006
561,MASK PEACH,2006
562,MASKED BUBBLE,2006
563,MASSACRE USUAL,2006
564,MASSAGE IMAGE,2006
565,MATRIX SNOWMAN,2006
566,MAUDE MOD,2006
567,MEET CHOCOLATE,2006
568,MEMENTO ZOOLANDER,2006
569,MENAGERIE RUSHMORE,2006
570,MERMAID INSECTS,2006
571,METAL ARMAGEDDON,2006
572,METROPOLIS COMA,2006
573,MICROCOSMOS PARADISE,2006
574,MIDNIGHT WESTWARD,2006
575,MIDSUMMER GROUNDHOG,2006
576,MIGHTY LUCK,2006
577,MILE MULAN,2006
578,MILLION ACE,2006
579,MINDS TRUMAN,2006
580,MINE TITANS,2006
581,MINORITY KISS,2006
582,MIRACLE VIRTUAL,2006
583,MISSION ZOOLANDER,2006
584,MIXED DOORS,2006
585,MOB DUFFEL,2006
586,MOCKINGBIRD HOLLYWOOD,2006
587,MOD SECRETARY,2006
588,MODEL FISH,2006
589,MODERN DORADO,2006
590,MONEY HAROLD,2006
591,MONSOON CAUSE,2006
592,MONSTER SPARTACUS,2006
593,MONTEREY LABYRINTH,2006
594,MONTEZUMA COMMAND,2006
595,MOON BUNCH,2006
596,MOONSHINE CABIN,2006
597,MOONWALKER FOOL,2006
598,MOSQUITO ARMAGEDDON,2006
599,MOTHER OLEANDER,2006
600,MOTIONS DETAILS,2006
601,MOULIN WAKE,2006
602,MOURNING PURPLE,2006
603,MOVIE SHAKESPEARE,2006
604,MULAN MOON,2006
605,MULHOLLAND BEAST,2006
606,MUMMY CREATURES,2006
607,MUPPET MILE,2006
608,MURDER ANTITRUST,2006
609,MUSCLE BRIGHT,2006
610,MUSIC BOONDOCK,2006
611,MUSKETEERS WAIT,2006
612,MUSSOLINI SPOILERS,2006
613,MYSTIC TRUMAN,2006
614,NAME DETECTIVE,2006
615,NASH CHOCOLAT,2006
616,NATIONAL STORY,2006
617,NATURAL STOCK,2006
618,NECKLACE OUTBREAK,2006
619,NEIGHBORS CHARADE,2006
620,NEMO CAMPUS,2006
621,NETWORK PEAK,2006
622,NEWSIES STORY,2006
623,NEWTON LABYRINTH,2006
624,NIGHTMARE CHILL,2006
625,NONE SPIKING,2006
626,NOON PAPI,2006
627,NORTH TEQUILA,2006
628,NORTHWEST POLISH,2006
629,NOTORIOUS REUNION,2006
630,NOTTING SPEAKEASY,2006
631,NOVOCAINE FLIGHT,2006
632,NUTS TIES,2006
633,OCTOBER SUBMARINE,2006
634,ODDS BOOGIE,2006
635,OKLAHOMA JUMANJI,2006
636,OLEANDER CLUE,2006
637,OPEN AFRICAN,2006
638,OPERATION OPERATION,2006
639,OPPOSITE NECKLACE,2006
640,OPUS ICE,2006
641,ORANGE GRAPES,2006
642,ORDER BETRAYED,2006
643,ORIENT CLOSER,2006
644,OSCAR GOLD,2006
645,OTHERS SOUP,2006
646,OUTBREAK DIVINE,2006
647,OUTFIELD MASSACRE,2006
648,OUTLAW HANKY,2006
649,OZ LIAISONS,2006
650,PACIFIC AMISTAD,2006
651,PACKER MADIGAN,2006
652,PAJAMA JAWBREAKER,2006
653,PANIC CLUB,2006
654,PANKY SUBMARINE,2006
655,PANTHER REDS,2006
656,PAPI NECKLACE,2006
657,PARADISE SABRINA,2006
658,PARIS WEEKEND,2006
659,PARK CITIZEN,2006
660,PARTY KNOCK,2006
661,PAST SUICIDES,2006
662,PATHS CONTROL,2006
663,PATIENT SISTER,2006
664,PATRIOT ROMAN,2006
665,PATTON INTERVIEW,2006
666,PAYCHECK WAIT,2006
667,PEACH INNOCENT,2006
668,PEAK FOREVER,2006
669,PEARL DESTINY,2006
670,PELICAN COMFORTS,2006
671,PERDITION FARGO,2006
672,PERFECT GROOVE,2006
673,PERSONAL LADYBUGS,2006
674,PET HAUNTING,2006
675,PHANTOM GLORY,2006
676,PHILADELPHIA WIFE,2006
677,PIANIST OUTFIELD,2006
678,PICKUP DRIVING,2006
679,PILOT HOOSIERS,2006
680,PINOCCHIO SIMON,2006
681,PIRATES ROXANNE,2006
682,PITTSBURGH HUNCHBACK,2006
683,PITY BOUND,2006
684,PIZZA JUMANJI,2006
685,PLATOON INSTINCT,2006
686,PLUTO OLEANDER,2006
687,POCUS PULP,2006
688,POLISH BROOKLYN,2006
689,POLLOCK DELIVERANCE,2006
690,POND SEATTLE,2006
691,POSEIDON FOREVER,2006
692,POTLUCK MIXED,2006
693,POTTER CONNECTICUT,2006
694,PREJUDICE OLEANDER,2006
695,PRESIDENT BANG,2006
696,PRIDE ALAMO,2006
697,PRIMARY GLASS,2006
698,PRINCESS GIANT,2006
699,PRIVATE DROP,2006
700,PRIX UNDEFEATED,2006
701,PSYCHO SHRUNK,2006
702,PULP BEVERLY,2006
703,PUNK DIVORCE,2006
704,PURE RUNNER,2006
705,PURPLE MOVIE,2006
706,QUEEN LUKE,2006
707,QUEST MUSSOLINI,2006
708,QUILLS BULL,2006
709,RACER EGG,2006
710,RAGE GAMES,2006
711,RAGING AIRPLANE,2006
712,RAIDERS ANTITRUST,2006
713,RAINBOW SHOCK,2006
714,RANDOM GO,2006
715,RANGE MOONWALKER,2006
716,REAP UNFAITHFUL,2006
717,REAR TRADING,2006
718,REBEL AIRPORT,2006
719,RECORDS ZORRO,2006
720,REDEMPTION COMFORTS,2006
721,REDS POCUS,2006
722,REEF SALUTE,2006
723,REIGN GENTLEMEN,2006
724,REMEMBER DIARY,2006
725,REQUIEM TYCOON,2006
726,RESERVOIR ADAPTATION,2006
727,RESURRECTION SILVERADO,2006
728,REUNION WITCHES,2006
729,RIDER CADDYSHACK,2006
730,RIDGEMONT SUBMARINE,2006
731,RIGHT CRANES,2006
732,RINGS HEARTBREAKERS,2006
733,RIVER OUTLAW,2006
734,ROAD ROXANNE,2006
735,ROBBERS JOON,2006
736,ROBBERY BRIGHT,2006
737,ROCK INSTINCT,2006
738,ROCKETEER MOTHER,2006
739,ROCKY WAR,2006
740,ROLLERCOASTER BRINGING,2006
741,ROMAN PUNK,2006
742,ROOF CHAMPION,2006
743,ROOM ROMAN,2006
744,ROOTS REMEMBER,2006
745,ROSES TREASURE,2006
746,ROUGE SQUAD,2006
747,ROXANNE REBEL,2006
748,RUGRATS SHAKESPEARE,2006
749,RULES HUMAN,2006
750,RUN PACIFIC,2006
751,RUNAWAY TENENBAUMS,2006
752,RUNNER MADIGAN,2006
753,RUSH GOODFELLAS,2006
754,RUSHMORE MERMAID,2006
755,SABRINA MIDNIGHT,2006
756,SADDLE ANTITRUST,2006
757,SAGEBRUSH CLUELESS,2006
758,SAINTS BRIDE,2006
759,SALUTE APOLLO,2006
760,SAMURAI LION,2006
761,SANTA PARIS,2006
762,SASSY PACKER,2006
763,SATISFACTION CONFIDENTIAL,2006
764,SATURDAY LAMBS,2006
765,SATURN NAME,2006
766,SAVANNAH TOWN,2006
767,SCALAWAG DUCK,2006
768,SCARFACE BANG,2006
769,SCHOOL JACKET,2006
770,SCISSORHANDS SLUMS,2006
771,SCORPION APOLLO,2006
772,SEA VIRGIN,2006
773,SEABISCUIT PUNK,2006
774,SEARCHERS WAIT,2006
775,SEATTLE EXPECATIONS,2006
776,SECRET GROUNDHOG,2006
777,SECRETARY ROUGE,2006
778,SECRETS PARADISE,2006
779,SENSE GREEK,2006
780,SENSIBILITY REAR,2006
781,SEVEN SWARM,2006
782,SHAKESPEARE SADDLE,2006
783,SHANE DARKNESS,2006
784,SHANGHAI TYCOON,2006
785,SHAWSHANK BUBBLE,2006
786,SHEPHERD MIDSUMMER,2006
787,SHINING ROSES,2006
788,SHIP WONDERLAND,2006
789,SHOCK CABIN,2006
790,SHOOTIST SUPERFLY,2006
791,SHOW LORD,2006
792,SHREK LICENSE,2006
793,SHRUNK DIVINE,2006
794,SIDE ARK,2006
795,SIEGE MADRE,2006
796,SIERRA DIVIDE,2006
797,SILENCE KANE,2006
798,SILVERADO GOLDFINGER,2006
799,SIMON NORTH,2006
800,SINNERS ATLANTIS,2006
801,SISTER FREDDY,2006
802,SKY MIRACLE,2006
803,SLACKER LIAISONS,2006
804,SLEEPING SUSPECTS,2006
805,SLEEPLESS MONSOON,2006
806,SLEEPY JAPANESE,2006
807,SLEUTH ORIENT,2006
808,SLING LUKE,2006
809,SLIPPER FIDELITY,2006
810,SLUMS DUCK,2006
811,SMILE EARRING,2006
812,SMOKING BARBARELLA,2006
813,SMOOCHY CONTROL,2006
814,SNATCH SLIPPER,2006
815,SNATCHERS MONTEZUMA,2006
816,SNOWMAN ROLLERCOASTER,2006
817,SOLDIERS EVOLUTION,2006
818,SOMETHING DUCK,2006
819,SONG HEDWIG,2006
820,SONS INTERVIEW,2006
821,SORORITY QUEEN,2006
822,SOUP WISDOM,2006
823,SOUTH WAIT,2006
824,SPARTACUS CHEAPER,2006
825,SPEAKEASY DATE,2006
826,SPEED SUIT,2006
827,SPICE SORORITY,2006
828,SPIKING ELEMENT,2006
829,SPINAL ROCKY,2006
830,SPIRIT FLINTSTONES,2006
831,SPIRITED CASUALTIES,2006
832,SPLASH GUMP,2006
833,SPLENDOR PATTON,2006
834,SPOILERS HELLFIGHTERS,2006
835,SPY MILE,2006
836,SQUAD FISH,2006
837,STAGE WORLD,2006
838,STAGECOACH ARMAGEDDON,2006
839,STALLION SUNDANCE,2006
840,STAMPEDE DISTURBING,2006
841,STAR OPERATION,2006
842,STATE WASTELAND,2006
843,STEEL SANTA,2006
844,STEERS ARMAGEDDON,2006
845,STEPMOM DREAM,2006
846,STING PERSONAL,2006
847,STOCK GLASS,2006
848,STONE FIRE,2006
849,STORM HAPPINESS,2006
850,STORY SIDE,2006
851,STRAIGHT HOURS,2006
852,STRANGELOVE DESIRE,2006
853,STRANGER STRANGERS,2006
854,STRANGERS GRAFFITI,2006
855,STREAK RIDGEMONT,2006
856,STREETCAR INTENTIONS,2006
857,STRICTLY SCARFACE,2006
858,SUBMARINE BED,2006
859,SUGAR WONKA,2006
860,SUICIDES SILENCE,2006
861,SUIT WALLS,2006
862,SUMMER SCARFACE,2006
863,SUN CONFESSIONS,2006
864,SUNDANCE INVASION,2006
865,SUNRISE LEAGUE,2006
866,SUNSET RACER,2006
867,SUPER WYOMING,2006
868,SUPERFLY TRIP,2006
869,SUSPECTS QUILLS,2006
870,SWARM GOLD,2006
871,SWEDEN SHINING,2006
872,SWEET BROTHERHOOD,2006
873,SWEETHEARTS SUSPECTS,2006
874,TADPOLE PARK,2006
875,TALENTED HOMICIDE,2006
876,TARZAN VIDEOTAPE,2006
877,TAXI KICK,2006
878,TEEN APOLLO,2006
879,TELEGRAPH VOYAGE,2006
880,TELEMARK HEARTBREAKERS,2006
881,TEMPLE ATTRACTION,2006
882,TENENBAUMS COMMAND,2006
883,TEQUILA PAST,2006
884,TERMINATOR CLUB,2006
885,TEXAS WATCH,2006
886,THEORY MERMAID,2006
887,THIEF PELICAN,2006
888,THIN SAGEBRUSH,2006
889,TIES HUNGER,2006
890,TIGHTS DAWN,2006
891,TIMBERLAND SKY,2006
892,TITANIC BOONDOCK,2006
893,TITANS JERK,2006
894,TOMATOES HELLFIGHTERS,2006
895,TOMORROW HUSTLER,2006
896,TOOTSIE PILOT,2006
897,TORQUE BOUND,2006
898,TOURIST PELICAN,2006
899,TOWERS HURRICANE,2006
900,TOWN ARK,2006
901,TRACY CIDER,2006
902,TRADING PINOCCHIO,2006
903,TRAFFIC HOBBIT,2006
904,TRAIN BUNCH,2006
905,TRAINSPOTTING STRANGERS,2006
906,TRAMP OTHERS,2006
907,TRANSLATION SUMMER,2006
908,TRAP GUYS,2006
909,TREASURE COMMAND,2006
910,TREATMENT JEKYLL,2006
911,TRIP NEWTON,2006
912,TROJAN TOMORROW,2006
913,TROOPERS METAL,2006
914,TROUBLE DATE,2006
915,TRUMAN CRAZY,2006
916,TURN STAR,2006
917,TUXEDO MILE,2006
918,TWISTED PIRATES,2006
919,TYCOON GATHERING,2006
920,UNBREAKABLE KARATE,2006
921,UNCUT SUICIDES,2006
922,UNDEFEATED DALMATIONS,2006
923,UNFAITHFUL KILL,2006
924,UNFORGIVEN ZOOLANDER,2006
925,UNITED PILOT,2006
926,UNTOUCHABLES SUNRISE,2006
927,UPRISING UPTOWN,2006
928,UPTOWN YOUNG,2006
929,USUAL UNTOUCHABLES,2006
930,VACATION BOONDOCK,2006
931,VALENTINE VANISHING,2006
932,VALLEY PACKER,2006
933,VAMPIRE WHALE,2006
934,VANILLA DAY,2006
935,VANISHED GARDEN,2006
936,VANISHING ROCKY,2006
937,VARSITY TRIP,2006
938,VELVET TERMINATOR,2006
939,VERTIGO NORTHWEST,2006
940,VICTORY ACADEMY,2006
941,VIDEOTAPE ARSENIC,2006
942,VIETNAM SMOOCHY,2006
943,VILLAIN DESPERATE,2006
944,VIRGIN DAISY,2006
945,VIRGINIAN PLUTO,2006
946,VIRTUAL SPOILERS,2006
947,VISION TORQUE,2006
948,VOICE PEACH,2006
949,VOLCANO TEXAS,2006
950,VOLUME HOUSE,2006
951,VOYAGE LEGALLY,2006
952,WAGON JAWS,2006
953,WAIT CIDER,2006
954,WAKE JAWS,2006
955,WALLS ARTIST,2006
956,WANDA CHAMBER,2006
957,WAR NOTTING,2006
958,WARDROBE PHANTOM,2006
959,WARLOCK WEREWOLF,2006
960,WARS PLUTO,2006
961,WASH HEAVENLY,2006
962,WASTELAND DIVINE,2006
963,WATCH TRACY,2006
964,WATERFRONT DELIVERANCE,2006
965,WATERSHIP FRONTIER,2006
966,WEDDING APOLLO,2006
967,WEEKEND PERSONAL,2006
968,WEREWOLF LOLA,2006
969,WEST LION,2006
970,WESTWARD SEABISCUIT,2006
971,WHALE BIKINI,2006
972,WHISPERER GIANT,2006
973,WIFE TURN,2006
974,WILD APOLLO,2006
975,WILLOW TRACY,2006
976,WIND PHANTOM,2006
977,WINDOW SIDE,2006
978,WISDOM WORKER,2006
979,WITCHES PANIC,2006
980,WIZARD COLDBLOODED,2006
981,WOLVES DESIRE,2006
982,WOMEN DORADO,2006
983,WON DARES,2006
984,WONDERFUL DROP,2006
985,WONDERLAND CHRISTMAS,2006
986,WONKA SEA,2006
987,WORDS HUNTER,2006
988,WORKER TARZAN,2006
989,WORKING MICROCOSMOS,2006
990,WORLD LEATHERNECKS,2006
991,WORST BANGER,2006
992,WRATH MILE,2006
993,WRONG BEHAVIOR,2006
994,WYOMING STORM,2006
995,YENTL IDAHO,2006
996,YOUNG LANGUAGE,2006
997,YOUTH KICK,2006
998,ZHIVAGO CORE,2006
999,ZOOLANDER FICTION,2006
1000,ZORRO ARK,2006
